,datetime,y_test,y_true
26000,2015-12-09 23:00:00,574,54
26001,2015-12-10 00:00:00,539,46
26002,2015-12-10 01:00:00,537,42
26003,2015-12-10 02:00:00,536,38
26004,2015-12-10 03:00:00,535,35
26005,2015-12-10 04:00:00,548,66
26006,2015-12-10 05:00:00,624,248
26007,2015-12-10 06:00:00,890,872
26008,2015-12-10 07:00:00,1249,1613
26009,2015-12-10 08:00:00,1533,2287
26010,2015-12-10 09:00:00,1630,2509
26011,2015-12-10 10:00:00,1657,2574
26012,2015-12-10 11:00:00,1657,2584
26013,2015-12-10 12:00:00,1629,2503
26014,2015-12-10 13:00:00,1621,2483
26015,2015-12-10 14:00:00,1592,2428
26016,2015-12-10 15:00:00,1536,2330
26017,2015-12-10 16:00:00,1404,2037
26018,2015-12-10 17:00:00,1105,1324
26019,2015-12-10 18:00:00,810,660
26020,2015-12-10 19:00:00,649,304
26021,2015-12-10 20:00:00,593,163
26022,2015-12-10 21:00:00,573,111
26023,2015-12-10 22:00:00,559,78
26024,2015-12-10 23:00:00,547,46
26025,2015-12-11 00:00:00,233,40
26026,2015-12-11 01:00:00,230,37
26027,2015-12-11 02:00:00,229,36
26028,2015-12-11 03:00:00,228,35
26029,2015-12-11 04:00:00,242,48
26030,2015-12-11 05:00:00,317,135
26031,2015-12-11 06:00:00,584,470
26032,2015-12-11 07:00:00,943,976
26033,2015-12-11 08:00:00,1227,1464
26034,2015-12-11 09:00:00,1324,1609
26035,2015-12-11 10:00:00,1351,1639
26036,2015-12-11 11:00:00,1351,1625
26037,2015-12-11 12:00:00,1322,1495
26038,2015-12-11 13:00:00,1315,1387
26039,2015-12-11 14:00:00,1286,1286
26040,2015-12-11 15:00:00,1230,1100
26041,2015-12-11 16:00:00,1098,827
26042,2015-12-11 17:00:00,798,473
26043,2015-12-11 18:00:00,503,230
26044,2015-12-11 19:00:00,343,136
26045,2015-12-11 20:00:00,286,99
26046,2015-12-11 21:00:00,267,87
26047,2015-12-11 22:00:00,253,59
26048,2015-12-11 23:00:00,241,37
26049,2015-12-12 00:00:00,35,30
26050,2015-12-12 01:00:00,35,30
26051,2015-12-12 02:00:00,35,30
26052,2015-12-12 03:00:00,35,29
26053,2015-12-12 04:00:00,35,30
26054,2015-12-12 05:00:00,35,34
26055,2015-12-12 06:00:00,167,37
26056,2015-12-12 07:00:00,526,42
26057,2015-12-12 08:00:00,810,53
26058,2015-12-12 09:00:00,907,70
26059,2015-12-12 10:00:00,934,83
26060,2015-12-12 11:00:00,934,82
26061,2015-12-12 12:00:00,905,90
26062,2015-12-12 13:00:00,898,90
26063,2015-12-12 14:00:00,869,83
26064,2015-12-12 15:00:00,813,73
26065,2015-12-12 16:00:00,681,55
26066,2015-12-12 17:00:00,381,45
26067,2015-12-12 18:00:00,86,45
26068,2015-12-12 19:00:00,35,47
26069,2015-12-12 20:00:00,35,44
26070,2015-12-12 21:00:00,35,39
26071,2015-12-12 22:00:00,35,35
26072,2015-12-12 23:00:00,35,31
26073,2015-12-13 00:00:00,35,29
26074,2015-12-13 01:00:00,35,32
26075,2015-12-13 02:00:00,35,30
26076,2015-12-13 03:00:00,35,28
26077,2015-12-13 04:00:00,35,28
26078,2015-12-13 05:00:00,35,27
26079,2015-12-13 06:00:00,166,29
26080,2015-12-13 07:00:00,525,30
26081,2015-12-13 08:00:00,809,35
26082,2015-12-13 09:00:00,906,51
26083,2015-12-13 10:00:00,933,83
26084,2015-12-13 11:00:00,933,89
26085,2015-12-13 12:00:00,904,93
26086,2015-12-13 13:00:00,897,74
26087,2015-12-13 14:00:00,868,58
26088,2015-12-13 15:00:00,812,63
26089,2015-12-13 16:00:00,680,61
26090,2015-12-13 17:00:00,380,55
26091,2015-12-13 18:00:00,85,48
26092,2015-12-13 19:00:00,35,47
26093,2015-12-13 20:00:00,35,43
26094,2015-12-13 21:00:00,35,41
26095,2015-12-13 22:00:00,35,38
26096,2015-12-13 23:00:00,35,33
26097,2015-12-14 00:00:00,549,31
26098,2015-12-14 01:00:00,546,31
26099,2015-12-14 02:00:00,545,33
26100,2015-12-14 03:00:00,545,37
26101,2015-12-14 04:00:00,558,64
26102,2015-12-14 05:00:00,634,224
26103,2015-12-14 06:00:00,900,865
26104,2015-12-14 07:00:00,1259,1627
26105,2015-12-14 08:00:00,1543,2258
26106,2015-12-14 09:00:00,1640,2455
26107,2015-12-14 10:00:00,1667,2496
26108,2015-12-14 11:00:00,1667,2511
26109,2015-12-14 12:00:00,1638,2454
26110,2015-12-14 13:00:00,1631,2442
26111,2015-12-14 14:00:00,1602,2400
26112,2015-12-14 15:00:00,1546,2331
26113,2015-12-14 16:00:00,1414,2089
26114,2015-12-14 17:00:00,1114,1434
26115,2015-12-14 18:00:00,819,731
26116,2015-12-14 19:00:00,659,310
26117,2015-12-14 20:00:00,602,149
26118,2015-12-14 21:00:00,583,93
26119,2015-12-14 22:00:00,569,62
26120,2015-12-14 23:00:00,557,44
26121,2015-12-15 00:00:00,562,37
26122,2015-12-15 01:00:00,560,34
26123,2015-12-15 02:00:00,559,34
26124,2015-12-15 03:00:00,558,29
26125,2015-12-15 04:00:00,571,63
26126,2015-12-15 05:00:00,647,257
26127,2015-12-15 06:00:00,913,888
26128,2015-12-15 07:00:00,1272,1710
26129,2015-12-15 08:00:00,1556,2347
26130,2015-12-15 09:00:00,1653,2542
26131,2015-12-15 10:00:00,1680,2599
26132,2015-12-15 11:00:00,1680,2614
26133,2015-12-15 12:00:00,1652,2574
26134,2015-12-15 13:00:00,1644,2597
26135,2015-12-15 14:00:00,1615,2550
26136,2015-12-15 15:00:00,1559,2446
26137,2015-12-15 16:00:00,1427,2155
26138,2015-12-15 17:00:00,1128,1415
26139,2015-12-15 18:00:00,833,717
26140,2015-12-15 19:00:00,672,285
26141,2015-12-15 20:00:00,616,168
26142,2015-12-15 21:00:00,596,109
26143,2015-12-15 22:00:00,582,73
26144,2015-12-15 23:00:00,570,51
26145,2015-12-16 00:00:00,566,43
26146,2015-12-16 01:00:00,563,43
26147,2015-12-16 02:00:00,562,37
26148,2015-12-16 03:00:00,561,36
26149,2015-12-16 04:00:00,575,57
26150,2015-12-16 05:00:00,650,220
26151,2015-12-16 06:00:00,916,779
26152,2015-12-16 07:00:00,1275,1523
26153,2015-12-16 08:00:00,1560,2229
26154,2015-12-16 09:00:00,1656,2426
26155,2015-12-16 10:00:00,1684,2484
26156,2015-12-16 11:00:00,1683,2483
26157,2015-12-16 12:00:00,1655,2427
26158,2015-12-16 13:00:00,1648,2458
26159,2015-12-16 14:00:00,1619,2422
26160,2015-12-16 15:00:00,1563,2323
26161,2015-12-16 16:00:00,1431,2045
26162,2015-12-16 17:00:00,1131,1362
26163,2015-12-16 18:00:00,836,667
26164,2015-12-16 19:00:00,676,289
26165,2015-12-16 20:00:00,619,146
26166,2015-12-16 21:00:00,600,100
26167,2015-12-16 22:00:00,586,65
26168,2015-12-16 23:00:00,574,46
26169,2015-12-17 00:00:00,539,38
26170,2015-12-17 01:00:00,537,32
26171,2015-12-17 02:00:00,536,33
26172,2015-12-17 03:00:00,535,34
26173,2015-12-17 04:00:00,548,53
26174,2015-12-17 05:00:00,624,204
26175,2015-12-17 06:00:00,890,742
26176,2015-12-17 07:00:00,1249,1497
26177,2015-12-17 08:00:00,1533,2147
26178,2015-12-17 09:00:00,1630,2332
26179,2015-12-17 10:00:00,1657,2390
26180,2015-12-17 11:00:00,1657,2396
26181,2015-12-17 12:00:00,1629,2331
26182,2015-12-17 13:00:00,1621,2339
26183,2015-12-17 14:00:00,1592,2292
26184,2015-12-17 15:00:00,1536,2149
26185,2015-12-17 16:00:00,1404,1873
26186,2015-12-17 17:00:00,1105,1213
26187,2015-12-17 18:00:00,810,594
26188,2015-12-17 19:00:00,649,237
26189,2015-12-17 20:00:00,593,132
26190,2015-12-17 21:00:00,573,107
26191,2015-12-17 22:00:00,559,75
26192,2015-12-17 23:00:00,547,53
26193,2015-12-18 00:00:00,233,44
26194,2015-12-18 01:00:00,230,47
26195,2015-12-18 02:00:00,229,41
26196,2015-12-18 03:00:00,228,38
26197,2015-12-18 04:00:00,242,44
26198,2015-12-18 05:00:00,317,116
26199,2015-12-18 06:00:00,584,422
26200,2015-12-18 07:00:00,943,881
26201,2015-12-18 08:00:00,1227,1332
26202,2015-12-18 09:00:00,1324,1494
26203,2015-12-18 10:00:00,1351,1515
26204,2015-12-18 11:00:00,1351,1477
26205,2015-12-18 12:00:00,1322,1330
26206,2015-12-18 13:00:00,1315,1202
26207,2015-12-18 14:00:00,1286,1102
26208,2015-12-18 15:00:00,1230,919
26209,2015-12-18 16:00:00,1098,684
26210,2015-12-18 17:00:00,798,407
26211,2015-12-18 18:00:00,503,197
26212,2015-12-18 19:00:00,343,113
26213,2015-12-18 20:00:00,286,89
26214,2015-12-18 21:00:00,267,78
26215,2015-12-18 22:00:00,253,51
26216,2015-12-18 23:00:00,241,38
26217,2015-12-19 00:00:00,35,38
26218,2015-12-19 01:00:00,35,40
26219,2015-12-19 02:00:00,35,36
26220,2015-12-19 03:00:00,35,36
26221,2015-12-19 04:00:00,35,36
26222,2015-12-19 05:00:00,35,36
26223,2015-12-19 06:00:00,167,37
26224,2015-12-19 07:00:00,526,42
26225,2015-12-19 08:00:00,810,47
26226,2015-12-19 09:00:00,907,58
26227,2015-12-19 10:00:00,934,67
26228,2015-12-19 11:00:00,934,65
26229,2015-12-19 12:00:00,905,65
26230,2015-12-19 13:00:00,898,58
26231,2015-12-19 14:00:00,869,57
26232,2015-12-19 15:00:00,813,54
26233,2015-12-19 16:00:00,681,52
26234,2015-12-19 17:00:00,381,46
26235,2015-12-19 18:00:00,86,44
26236,2015-12-19 19:00:00,35,44
26237,2015-12-19 20:00:00,35,41
26238,2015-12-19 21:00:00,35,38
26239,2015-12-19 22:00:00,35,36
26240,2015-12-19 23:00:00,35,31
26241,2015-12-20 00:00:00,35,31
26242,2015-12-20 01:00:00,35,31
26243,2015-12-20 02:00:00,35,33
26244,2015-12-20 03:00:00,35,34
26245,2015-12-20 04:00:00,35,33
26246,2015-12-20 05:00:00,35,32
26247,2015-12-20 06:00:00,166,33
26248,2015-12-20 07:00:00,525,32
26249,2015-12-20 08:00:00,809,42
26250,2015-12-20 09:00:00,906,62
26251,2015-12-20 10:00:00,933,89
26252,2015-12-20 11:00:00,933,100
26253,2015-12-20 12:00:00,904,103
26254,2015-12-20 13:00:00,897,93
26255,2015-12-20 14:00:00,868,63
26256,2015-12-20 15:00:00,812,62
26257,2015-12-20 16:00:00,680,56
26258,2015-12-20 17:00:00,380,53
26259,2015-12-20 18:00:00,85,52
26260,2015-12-20 19:00:00,35,47
26261,2015-12-20 20:00:00,35,45
26262,2015-12-20 21:00:00,35,41
26263,2015-12-20 22:00:00,35,38
26264,2015-12-20 23:00:00,35,36
26265,2015-12-21 00:00:00,549,35
26266,2015-12-21 01:00:00,546,32
26267,2015-12-21 02:00:00,545,31
26268,2015-12-21 03:00:00,545,31
26269,2015-12-21 04:00:00,558,44
26270,2015-12-21 05:00:00,634,122
26271,2015-12-21 06:00:00,900,421
26272,2015-12-21 07:00:00,1259,858
26273,2015-12-21 08:00:00,1543,1294
26274,2015-12-21 09:00:00,1640,1474
26275,2015-12-21 10:00:00,1667,1534
26276,2015-12-21 11:00:00,1667,1526
26277,2015-12-21 12:00:00,1638,1494
26278,2015-12-21 13:00:00,1631,1504
26279,2015-12-21 14:00:00,1602,1454
26280,2015-12-21 15:00:00,1546,1378
26281,2015-12-21 16:00:00,1414,1184
26282,2015-12-21 17:00:00,1114,736
26283,2015-12-21 18:00:00,819,329
26284,2015-12-21 19:00:00,659,168
26285,2015-12-21 20:00:00,602,112
26286,2015-12-21 21:00:00,583,78
26287,2015-12-21 22:00:00,569,57
26288,2015-12-21 23:00:00,557,43
26289,2015-12-22 00:00:00,562,37
26290,2015-12-22 01:00:00,560,34
26291,2015-12-22 02:00:00,559,29
26292,2015-12-22 03:00:00,558,29
26293,2015-12-22 04:00:00,571,40
26294,2015-12-22 05:00:00,647,101
26295,2015-12-22 06:00:00,913,383
26296,2015-12-22 07:00:00,1272,807
26297,2015-12-22 08:00:00,1556,1181
26298,2015-12-22 09:00:00,1653,1350
26299,2015-12-22 10:00:00,1680,1396
26300,2015-12-22 11:00:00,1680,1406
26301,2015-12-22 12:00:00,1652,1284
26302,2015-12-22 13:00:00,1644,1283
26303,2015-12-22 14:00:00,1615,1226
26304,2015-12-22 15:00:00,1559,1135
26305,2015-12-22 16:00:00,1427,939
26306,2015-12-22 17:00:00,1128,573
26307,2015-12-22 18:00:00,833,263
26308,2015-12-22 19:00:00,672,138
26309,2015-12-22 20:00:00,616,87
26310,2015-12-22 21:00:00,596,74
26311,2015-12-22 22:00:00,582,57
26312,2015-12-22 23:00:00,570,48
26313,2015-12-23 00:00:00,566,37
26314,2015-12-23 01:00:00,563,36
26315,2015-12-23 02:00:00,562,34
26316,2015-12-23 03:00:00,561,34
26317,2015-12-23 04:00:00,575,41
26318,2015-12-23 05:00:00,650,80
26319,2015-12-23 06:00:00,916,243
26320,2015-12-23 07:00:00,1275,508
26321,2015-12-23 08:00:00,1560,769
26322,2015-12-23 09:00:00,1656,890
26323,2015-12-23 10:00:00,1684,913
26324,2015-12-23 11:00:00,1683,905
26325,2015-12-23 12:00:00,1655,805
26326,2015-12-23 13:00:00,1648,683
26327,2015-12-23 14:00:00,1619,585
26328,2015-12-23 15:00:00,1563,411
26329,2015-12-23 16:00:00,1431,270
26330,2015-12-23 17:00:00,1131,182
26331,2015-12-23 18:00:00,836,101
26332,2015-12-23 19:00:00,676,77
26333,2015-12-23 20:00:00,619,69
26334,2015-12-23 21:00:00,600,63
26335,2015-12-23 22:00:00,586,48
26336,2015-12-23 23:00:00,574,34
26337,2015-12-24 00:00:00,539,31
26338,2015-12-24 01:00:00,537,31
26339,2015-12-24 02:00:00,536,31
26340,2015-12-24 03:00:00,535,31
26341,2015-12-24 04:00:00,548,31
26342,2015-12-24 05:00:00,624,35
26343,2015-12-24 06:00:00,890,65
26344,2015-12-24 07:00:00,1249,126
26345,2015-12-24 08:00:00,1533,157
26346,2015-12-24 09:00:00,1630,182
26347,2015-12-24 10:00:00,1657,190
26348,2015-12-24 11:00:00,1657,184
26349,2015-12-24 12:00:00,1629,140
26350,2015-12-24 13:00:00,1621,93
26351,2015-12-24 14:00:00,1592,67
26352,2015-12-24 15:00:00,1536,52
26353,2015-12-24 16:00:00,1404,48
26354,2015-12-24 17:00:00,1105,51
26355,2015-12-24 18:00:00,810,40
26356,2015-12-24 19:00:00,649,32
26357,2015-12-24 20:00:00,593,31
26358,2015-12-24 21:00:00,573,30
26359,2015-12-24 22:00:00,559,30
26360,2015-12-24 23:00:00,547,31
26361,2015-12-25 00:00:00,35,31
26362,2015-12-25 01:00:00,35,31
26363,2015-12-25 02:00:00,35,31
26364,2015-12-25 03:00:00,35,34
26365,2015-12-25 04:00:00,35,30
26366,2015-12-25 05:00:00,35,30
26367,2015-12-25 06:00:00,151,31
26368,2015-12-25 07:00:00,510,32
26369,2015-12-25 08:00:00,794,32
26370,2015-12-25 09:00:00,891,31
26371,2015-12-25 10:00:00,919,31
26372,2015-12-25 11:00:00,918,31
26373,2015-12-25 12:00:00,890,32
26374,2015-12-25 13:00:00,882,31
26375,2015-12-25 14:00:00,853,33
26376,2015-12-25 15:00:00,797,33
26377,2015-12-25 16:00:00,665,33
26378,2015-12-25 17:00:00,366,34
26379,2015-12-25 18:00:00,71,33
26380,2015-12-25 19:00:00,35,33
26381,2015-12-25 20:00:00,35,32
26382,2015-12-25 21:00:00,35,32
26383,2015-12-25 22:00:00,35,31
26384,2015-12-25 23:00:00,35,30
26385,2015-12-26 00:00:00,35,30
26386,2015-12-26 01:00:00,35,30
26387,2015-12-26 02:00:00,35,31
26388,2015-12-26 03:00:00,35,34
26389,2015-12-26 04:00:00,35,31
26390,2015-12-26 05:00:00,35,31
26391,2015-12-26 06:00:00,167,31
26392,2015-12-26 07:00:00,526,33
26393,2015-12-26 08:00:00,810,39
26394,2015-12-26 09:00:00,907,45
26395,2015-12-26 10:00:00,934,78
26396,2015-12-26 11:00:00,934,77
26397,2015-12-26 12:00:00,905,80
26398,2015-12-26 13:00:00,898,74
26399,2015-12-26 14:00:00,869,52
26400,2015-12-26 15:00:00,813,46
26401,2015-12-26 16:00:00,681,41
26402,2015-12-26 17:00:00,381,37
26403,2015-12-26 18:00:00,86,33
26404,2015-12-26 19:00:00,35,33
26405,2015-12-26 20:00:00,35,33
26406,2015-12-26 21:00:00,35,32
26407,2015-12-26 22:00:00,35,32
26408,2015-12-26 23:00:00,35,32
26409,2015-12-27 00:00:00,35,32
26410,2015-12-27 01:00:00,35,32
26411,2015-12-27 02:00:00,35,32
26412,2015-12-27 03:00:00,35,32
26413,2015-12-27 04:00:00,35,33
26414,2015-12-27 05:00:00,35,33
26415,2015-12-27 06:00:00,166,35
26416,2015-12-27 07:00:00,525,35
26417,2015-12-27 08:00:00,809,40
26418,2015-12-27 09:00:00,906,44
26419,2015-12-27 10:00:00,933,56
26420,2015-12-27 11:00:00,933,61
26421,2015-12-27 12:00:00,904,62
26422,2015-12-27 13:00:00,897,40
26423,2015-12-27 14:00:00,868,37
26424,2015-12-27 15:00:00,812,39
26425,2015-12-27 16:00:00,680,38
26426,2015-12-27 17:00:00,380,37
26427,2015-12-27 18:00:00,85,34
26428,2015-12-27 19:00:00,35,34
26429,2015-12-27 20:00:00,35,33
26430,2015-12-27 21:00:00,35,32
26431,2015-12-27 22:00:00,35,31
26432,2015-12-27 23:00:00,35,31
26433,2015-12-28 00:00:00,549,31
26434,2015-12-28 01:00:00,546,31
26435,2015-12-28 02:00:00,545,31
26436,2015-12-28 03:00:00,545,36
26437,2015-12-28 04:00:00,558,43
26438,2015-12-28 05:00:00,634,91
26439,2015-12-28 06:00:00,900,311
26440,2015-12-28 07:00:00,1259,595
26441,2015-12-28 08:00:00,1543,852
26442,2015-12-28 09:00:00,1640,964
26443,2015-12-28 10:00:00,1667,1002
26444,2015-12-28 11:00:00,1667,1010
26445,2015-12-28 12:00:00,1638,985
26446,2015-12-28 13:00:00,1631,963
26447,2015-12-28 14:00:00,1602,926
26448,2015-12-28 15:00:00,1546,868
26449,2015-12-28 16:00:00,1414,723
26450,2015-12-28 17:00:00,1114,431
26451,2015-12-28 18:00:00,819,200
26452,2015-12-28 19:00:00,659,103
26453,2015-12-28 20:00:00,602,68
26454,2015-12-28 21:00:00,583,59
26455,2015-12-28 22:00:00,569,48
26456,2015-12-28 23:00:00,557,39
26457,2015-12-29 00:00:00,562,33
26458,2015-12-29 01:00:00,560,33
26459,2015-12-29 02:00:00,559,29
26460,2015-12-29 03:00:00,558,29
26461,2015-12-29 04:00:00,571,40
26462,2015-12-29 05:00:00,647,93
26463,2015-12-29 06:00:00,913,331
26464,2015-12-29 07:00:00,1272,620
26465,2015-12-29 08:00:00,1556,890
26466,2015-12-29 09:00:00,1653,999
26467,2015-12-29 10:00:00,1680,1038
26468,2015-12-29 11:00:00,1680,1045
26469,2015-12-29 12:00:00,1652,1016
26470,2015-12-29 13:00:00,1644,994
26471,2015-12-29 14:00:00,1615,960
26472,2015-12-29 15:00:00,1559,890
26473,2015-12-29 16:00:00,1427,728
26474,2015-12-29 17:00:00,1128,429
26475,2015-12-29 18:00:00,833,196
26476,2015-12-29 19:00:00,672,102
26477,2015-12-29 20:00:00,616,80
26478,2015-12-29 21:00:00,596,72
26479,2015-12-29 22:00:00,582,55
26480,2015-12-29 23:00:00,570,43
26481,2015-12-30 00:00:00,566,36
26482,2015-12-30 01:00:00,563,38
26483,2015-12-30 02:00:00,562,34
26484,2015-12-30 03:00:00,561,35
26485,2015-12-30 04:00:00,575,38
26486,2015-12-30 05:00:00,650,87
26487,2015-12-30 06:00:00,916,278
26488,2015-12-30 07:00:00,1275,526
26489,2015-12-30 08:00:00,1560,767
26490,2015-12-30 09:00:00,1656,878
26491,2015-12-30 10:00:00,1684,920
26492,2015-12-30 11:00:00,1683,921
26493,2015-12-30 12:00:00,1655,898
26494,2015-12-30 13:00:00,1648,855
26495,2015-12-30 14:00:00,1619,812
26496,2015-12-30 15:00:00,1563,718
26497,2015-12-30 16:00:00,1431,564
26498,2015-12-30 17:00:00,1131,350
26499,2015-12-30 18:00:00,836,155
26500,2015-12-30 19:00:00,676,90
26501,2015-12-30 20:00:00,619,71
26502,2015-12-30 21:00:00,600,64
26503,2015-12-30 22:00:00,586,50
26504,2015-12-30 23:00:00,574,32
26505,2015-12-31 00:00:00,539,30
26506,2015-12-31 01:00:00,537,33
26507,2015-12-31 02:00:00,536,35
26508,2015-12-31 03:00:00,535,32
26509,2015-12-31 04:00:00,548,36
26510,2015-12-31 05:00:00,624,58
26511,2015-12-31 06:00:00,890,183
26512,2015-12-31 07:00:00,1249,353
26513,2015-12-31 08:00:00,1533,490
26514,2015-12-31 09:00:00,1630,559
26515,2015-12-31 10:00:00,1657,578
26516,2015-12-31 11:00:00,1657,578
26517,2015-12-31 12:00:00,1629,528
26518,2015-12-31 13:00:00,1621,438
26519,2015-12-31 14:00:00,1592,341
26520,2015-12-31 15:00:00,1536,249
26521,2015-12-31 16:00:00,1404,152
26522,2015-12-31 17:00:00,1105,94
26523,2015-12-31 18:00:00,810,71
26524,2015-12-31 19:00:00,649,55
26525,2015-12-31 20:00:00,593,48
26526,2015-12-31 21:00:00,573,41
26527,2015-12-31 22:00:00,559,41
26528,2015-12-31 23:00:00,547,43
26529,2016-01-01 00:00:00,35,40
26530,2016-01-01 01:00:00,35,38
26531,2016-01-01 02:00:00,35,36
26532,2016-01-01 03:00:00,35,35
26533,2016-01-01 04:00:00,35,35
26534,2016-01-01 05:00:00,35,35
26535,2016-01-01 06:00:00,240,36
26536,2016-01-01 07:00:00,599,38
26537,2016-01-01 08:00:00,884,39
26538,2016-01-01 09:00:00,980,37
26539,2016-01-01 10:00:00,1008,40
26540,2016-01-01 11:00:00,1007,38
26541,2016-01-01 12:00:00,979,41
26542,2016-01-01 13:00:00,972,41
26543,2016-01-01 14:00:00,943,43
26544,2016-01-01 15:00:00,887,43
26545,2016-01-01 16:00:00,755,40
26546,2016-01-01 17:00:00,455,35
26547,2016-01-01 18:00:00,160,35
26548,2016-01-01 19:00:00,35,32
26549,2016-01-01 20:00:00,35,31
26550,2016-01-01 21:00:00,35,31
26551,2016-01-01 22:00:00,35,31
26552,2016-01-01 23:00:00,35,32
26553,2016-01-02 00:00:00,35,32
26554,2016-01-02 01:00:00,35,31
26555,2016-01-02 02:00:00,35,31
26556,2016-01-02 03:00:00,35,31
26557,2016-01-02 04:00:00,35,31
26558,2016-01-02 05:00:00,35,31
26559,2016-01-02 06:00:00,256,33
26560,2016-01-02 07:00:00,615,35
26561,2016-01-02 08:00:00,899,41
26562,2016-01-02 09:00:00,996,45
26563,2016-01-02 10:00:00,1023,50
26564,2016-01-02 11:00:00,1023,58
26565,2016-01-02 12:00:00,994,56
26566,2016-01-02 13:00:00,987,50
26567,2016-01-02 14:00:00,958,49
26568,2016-01-02 15:00:00,902,50
26569,2016-01-02 16:00:00,770,50
26570,2016-01-02 17:00:00,471,47
26571,2016-01-02 18:00:00,176,40
26572,2016-01-02 19:00:00,15,37
26573,2016-01-02 20:00:00,35,36
26574,2016-01-02 21:00:00,35,36
26575,2016-01-02 22:00:00,35,33
26576,2016-01-02 23:00:00,35,34
26577,2016-01-03 00:00:00,35,33
26578,2016-01-03 01:00:00,35,33
26579,2016-01-03 02:00:00,35,33
26580,2016-01-03 03:00:00,35,33
26581,2016-01-03 04:00:00,35,34
26582,2016-01-03 05:00:00,35,34
26583,2016-01-03 06:00:00,255,34
26584,2016-01-03 07:00:00,614,36
26585,2016-01-03 08:00:00,898,45
26586,2016-01-03 09:00:00,995,60
26587,2016-01-03 10:00:00,1022,89
26588,2016-01-03 11:00:00,1022,100
26589,2016-01-03 12:00:00,993,105
26590,2016-01-03 13:00:00,986,97
26591,2016-01-03 14:00:00,957,67
26592,2016-01-03 15:00:00,901,62
26593,2016-01-03 16:00:00,769,61
26594,2016-01-03 17:00:00,469,53
26595,2016-01-03 18:00:00,175,44
26596,2016-01-03 19:00:00,14,42
26597,2016-01-03 20:00:00,35,37
26598,2016-01-03 21:00:00,35,35
26599,2016-01-03 22:00:00,35,34
26600,2016-01-03 23:00:00,35,32
26601,2016-01-04 00:00:00,638,32
26602,2016-01-04 01:00:00,636,32
26603,2016-01-04 02:00:00,634,31
26604,2016-01-04 03:00:00,634,32
26605,2016-01-04 04:00:00,647,56
26606,2016-01-04 05:00:00,723,207
26607,2016-01-04 06:00:00,989,758
26608,2016-01-04 07:00:00,1348,1422
26609,2016-01-04 08:00:00,1632,1934
26610,2016-01-04 09:00:00,1729,2087
26611,2016-01-04 10:00:00,1756,2119
26612,2016-01-04 11:00:00,1756,2129
26613,2016-01-04 12:00:00,1727,2137
26614,2016-01-04 13:00:00,1720,2144
26615,2016-01-04 14:00:00,1691,2133
26616,2016-01-04 15:00:00,1635,2073
26617,2016-01-04 16:00:00,1503,1864
26618,2016-01-04 17:00:00,1204,1222
26619,2016-01-04 18:00:00,909,578
26620,2016-01-04 19:00:00,748,230
26621,2016-01-04 20:00:00,692,123
26622,2016-01-04 21:00:00,672,87
26623,2016-01-04 22:00:00,658,70
26624,2016-01-04 23:00:00,646,48
26625,2016-01-05 00:00:00,651,36
26626,2016-01-05 01:00:00,649,33
26627,2016-01-05 02:00:00,648,29
26628,2016-01-05 03:00:00,647,31
26629,2016-01-05 04:00:00,661,59
26630,2016-01-05 05:00:00,736,242
26631,2016-01-05 06:00:00,1002,826
26632,2016-01-05 07:00:00,1361,1605
26633,2016-01-05 08:00:00,1646,2188
26634,2016-01-05 09:00:00,1742,2377
26635,2016-01-05 10:00:00,1770,2417
26636,2016-01-05 11:00:00,1769,2425
26637,2016-01-05 12:00:00,1741,2363
26638,2016-01-05 13:00:00,1734,2358
26639,2016-01-05 14:00:00,1705,2318
26640,2016-01-05 15:00:00,1648,2242
26641,2016-01-05 16:00:00,1517,1999
26642,2016-01-05 17:00:00,1217,1329
26643,2016-01-05 18:00:00,922,605
26644,2016-01-05 19:00:00,761,233
26645,2016-01-05 20:00:00,705,123
26646,2016-01-05 21:00:00,686,90
26647,2016-01-05 22:00:00,671,71
26648,2016-01-05 23:00:00,659,55
26649,2016-01-06 00:00:00,655,40
26650,2016-01-06 01:00:00,652,36
26651,2016-01-06 02:00:00,651,31
26652,2016-01-06 03:00:00,651,31
26653,2016-01-06 04:00:00,664,58
26654,2016-01-06 05:00:00,739,225
26655,2016-01-06 06:00:00,1006,836
26656,2016-01-06 07:00:00,1365,1578
26657,2016-01-06 08:00:00,1649,2243
26658,2016-01-06 09:00:00,1746,2456
26659,2016-01-06 10:00:00,1773,2518
26660,2016-01-06 11:00:00,1773,2509
26661,2016-01-06 12:00:00,1744,2466
26662,2016-01-06 13:00:00,1737,2468
26663,2016-01-06 14:00:00,1708,2438
26664,2016-01-06 15:00:00,1652,2353
26665,2016-01-06 16:00:00,1520,2107
26666,2016-01-06 17:00:00,1220,1410
26667,2016-01-06 18:00:00,925,666
26668,2016-01-06 19:00:00,765,276
26669,2016-01-06 20:00:00,708,148
26670,2016-01-06 21:00:00,689,101
26671,2016-01-06 22:00:00,675,70
26672,2016-01-06 23:00:00,663,48
26673,2016-01-07 00:00:00,628,40
26674,2016-01-07 01:00:00,626,34
26675,2016-01-07 02:00:00,625,30
26676,2016-01-07 03:00:00,624,25
26677,2016-01-07 04:00:00,638,53
26678,2016-01-07 05:00:00,713,216
26679,2016-01-07 06:00:00,979,834
26680,2016-01-07 07:00:00,1338,1596
26681,2016-01-07 08:00:00,1623,2237
26682,2016-01-07 09:00:00,1719,2425
26683,2016-01-07 10:00:00,1747,2466
26684,2016-01-07 11:00:00,1746,2502
26685,2016-01-07 12:00:00,1718,2478
26686,2016-01-07 13:00:00,1711,2490
26687,2016-01-07 14:00:00,1682,2442
26688,2016-01-07 15:00:00,1625,2372
26689,2016-01-07 16:00:00,1494,2109
26690,2016-01-07 17:00:00,1194,1446
26691,2016-01-07 18:00:00,899,701
26692,2016-01-07 19:00:00,738,303
26693,2016-01-07 20:00:00,682,160
26694,2016-01-07 21:00:00,663,109
26695,2016-01-07 22:00:00,648,82
26696,2016-01-07 23:00:00,636,55
26697,2016-01-08 00:00:00,322,42
26698,2016-01-08 01:00:00,319,37
26699,2016-01-08 02:00:00,318,28
26700,2016-01-08 03:00:00,318,27
26701,2016-01-08 04:00:00,331,41
26702,2016-01-08 05:00:00,407,134
26703,2016-01-08 06:00:00,673,498
26704,2016-01-08 07:00:00,1032,1026
26705,2016-01-08 08:00:00,1316,1607
26706,2016-01-08 09:00:00,1413,1812
26707,2016-01-08 10:00:00,1440,1843
26708,2016-01-08 11:00:00,1440,1847
26709,2016-01-08 12:00:00,1411,1736
26710,2016-01-08 13:00:00,1404,1654
26711,2016-01-08 14:00:00,1375,1531
26712,2016-01-08 15:00:00,1319,1389
26713,2016-01-08 16:00:00,1187,1068
26714,2016-01-08 17:00:00,887,638
26715,2016-01-08 18:00:00,592,255
26716,2016-01-08 19:00:00,432,128
26717,2016-01-08 20:00:00,375,95
26718,2016-01-08 21:00:00,356,80
26719,2016-01-08 22:00:00,342,58
26720,2016-01-08 23:00:00,330,40
26721,2016-01-09 00:00:00,35,31
26722,2016-01-09 01:00:00,35,31
26723,2016-01-09 02:00:00,35,30
26724,2016-01-09 03:00:00,35,30
26725,2016-01-09 04:00:00,35,29
26726,2016-01-09 05:00:00,35,28
26727,2016-01-09 06:00:00,256,32
26728,2016-01-09 07:00:00,615,45
26729,2016-01-09 08:00:00,899,62
26730,2016-01-09 09:00:00,996,83
26731,2016-01-09 10:00:00,1023,94
26732,2016-01-09 11:00:00,1023,97
26733,2016-01-09 12:00:00,994,98
26734,2016-01-09 13:00:00,987,95
26735,2016-01-09 14:00:00,958,83
26736,2016-01-09 15:00:00,902,75
26737,2016-01-09 16:00:00,770,64
26738,2016-01-09 17:00:00,471,53
26739,2016-01-09 18:00:00,176,46
26740,2016-01-09 19:00:00,15,35
26741,2016-01-09 20:00:00,35,32
26742,2016-01-09 21:00:00,35,30
26743,2016-01-09 22:00:00,35,25
26744,2016-01-09 23:00:00,35,25
26745,2016-01-10 00:00:00,35,24
26746,2016-01-10 01:00:00,35,27
26747,2016-01-10 02:00:00,35,23
26748,2016-01-10 03:00:00,35,22
26749,2016-01-10 04:00:00,35,25
26750,2016-01-10 05:00:00,35,22
26751,2016-01-10 06:00:00,255,24
26752,2016-01-10 07:00:00,614,24
26753,2016-01-10 08:00:00,898,40
26754,2016-01-10 09:00:00,995,68
26755,2016-01-10 10:00:00,1022,123
26756,2016-01-10 11:00:00,1022,135
26757,2016-01-10 12:00:00,993,151
26758,2016-01-10 13:00:00,986,141
26759,2016-01-10 14:00:00,957,99
26760,2016-01-10 15:00:00,901,68
26761,2016-01-10 16:00:00,769,64
26762,2016-01-10 17:00:00,469,60
26763,2016-01-10 18:00:00,175,54
26764,2016-01-10 19:00:00,14,47
26765,2016-01-10 20:00:00,35,48
26766,2016-01-10 21:00:00,35,40
26767,2016-01-10 22:00:00,35,35
26768,2016-01-10 23:00:00,35,33
26769,2016-01-11 00:00:00,638,29
26770,2016-01-11 01:00:00,636,24
26771,2016-01-11 02:00:00,634,22
26772,2016-01-11 03:00:00,634,22
26773,2016-01-11 04:00:00,647,55
26774,2016-01-11 05:00:00,723,233
26775,2016-01-11 06:00:00,989,891
26776,2016-01-11 07:00:00,1348,1729
26777,2016-01-11 08:00:00,1632,2406
26778,2016-01-11 09:00:00,1729,2580
26779,2016-01-11 10:00:00,1756,2626
26780,2016-01-11 11:00:00,1756,2651
26781,2016-01-11 12:00:00,1727,2647
26782,2016-01-11 13:00:00,1720,2637
26783,2016-01-11 14:00:00,1691,2592
26784,2016-01-11 15:00:00,1635,2516
26785,2016-01-11 16:00:00,1503,2275
26786,2016-01-11 17:00:00,1204,1537
26787,2016-01-11 18:00:00,909,744
26788,2016-01-11 19:00:00,748,260
26789,2016-01-11 20:00:00,692,125
26790,2016-01-11 21:00:00,672,82
26791,2016-01-11 22:00:00,658,63
26792,2016-01-11 23:00:00,646,53
26793,2016-01-12 00:00:00,651,46
26794,2016-01-12 01:00:00,649,37
26795,2016-01-12 02:00:00,648,31
26796,2016-01-12 03:00:00,647,32
26797,2016-01-12 04:00:00,661,65
26798,2016-01-12 05:00:00,736,266
26799,2016-01-12 06:00:00,1002,940
26800,2016-01-12 07:00:00,1361,1829
26801,2016-01-12 08:00:00,1646,2478
26802,2016-01-12 09:00:00,1742,2678
26803,2016-01-12 10:00:00,1770,2743
26804,2016-01-12 11:00:00,1769,2761
26805,2016-01-12 12:00:00,1741,2744
26806,2016-01-12 13:00:00,1734,2777
26807,2016-01-12 14:00:00,1705,2734
26808,2016-01-12 15:00:00,1648,2639
26809,2016-01-12 16:00:00,1517,2367
26810,2016-01-12 17:00:00,1217,1669
26811,2016-01-12 18:00:00,922,871
26812,2016-01-12 19:00:00,761,405
26813,2016-01-12 20:00:00,705,273
26814,2016-01-12 21:00:00,686,210
26815,2016-01-12 22:00:00,671,185
26816,2016-01-12 23:00:00,659,167
26817,2016-01-13 00:00:00,655,160
26818,2016-01-13 01:00:00,652,154
26819,2016-01-13 02:00:00,651,153
26820,2016-01-13 03:00:00,651,148
26821,2016-01-13 04:00:00,664,183
26822,2016-01-13 05:00:00,739,337
26823,2016-01-13 06:00:00,1006,1019
26824,2016-01-13 07:00:00,1365,1856
26825,2016-01-13 08:00:00,1649,2501
26826,2016-01-13 09:00:00,1746,2700
26827,2016-01-13 10:00:00,1773,2751
26828,2016-01-13 11:00:00,1773,2774
26829,2016-01-13 12:00:00,1744,2634
26830,2016-01-13 13:00:00,1737,2616
26831,2016-01-13 14:00:00,1708,2596
26832,2016-01-13 15:00:00,1652,2496
26833,2016-01-13 16:00:00,1520,2261
26834,2016-01-13 17:00:00,1220,1559
26835,2016-01-13 18:00:00,925,785
26836,2016-01-13 19:00:00,765,311
26837,2016-01-13 20:00:00,708,168
26838,2016-01-13 21:00:00,689,112
26839,2016-01-13 22:00:00,675,81
26840,2016-01-13 23:00:00,663,53
26841,2016-01-14 00:00:00,628,46
26842,2016-01-14 01:00:00,626,39
26843,2016-01-14 02:00:00,625,32
26844,2016-01-14 03:00:00,624,29
26845,2016-01-14 04:00:00,638,72
26846,2016-01-14 05:00:00,713,269
26847,2016-01-14 06:00:00,979,947
26848,2016-01-14 07:00:00,1338,1762
26849,2016-01-14 08:00:00,1623,2440
26850,2016-01-14 09:00:00,1719,2651
26851,2016-01-14 10:00:00,1747,2695
26852,2016-01-14 11:00:00,1746,2700
26853,2016-01-14 12:00:00,1718,2660
26854,2016-01-14 13:00:00,1711,2669
26855,2016-01-14 14:00:00,1682,2640
26856,2016-01-14 15:00:00,1625,2565
26857,2016-01-14 16:00:00,1494,2263
26858,2016-01-14 17:00:00,1194,1539
26859,2016-01-14 18:00:00,899,764
26860,2016-01-14 19:00:00,738,291
26861,2016-01-14 20:00:00,682,158
26862,2016-01-14 21:00:00,663,111
26863,2016-01-14 22:00:00,648,88
26864,2016-01-14 23:00:00,636,60
26865,2016-01-15 00:00:00,322,49
26866,2016-01-15 01:00:00,319,38
26867,2016-01-15 02:00:00,318,34
26868,2016-01-15 03:00:00,318,32
26869,2016-01-15 04:00:00,331,52
26870,2016-01-15 05:00:00,407,166
26871,2016-01-15 06:00:00,673,556
26872,2016-01-15 07:00:00,1032,1131
26873,2016-01-15 08:00:00,1316,1724
26874,2016-01-15 09:00:00,1413,2001
26875,2016-01-15 10:00:00,1440,2047
26876,2016-01-15 11:00:00,1440,2040
26877,2016-01-15 12:00:00,1411,1888
26878,2016-01-15 13:00:00,1404,1768
26879,2016-01-15 14:00:00,1375,1586
26880,2016-01-15 15:00:00,1319,1362
26881,2016-01-15 16:00:00,1187,1007
26882,2016-01-15 17:00:00,887,596
26883,2016-01-15 18:00:00,592,263
26884,2016-01-15 19:00:00,432,125
26885,2016-01-15 20:00:00,375,86
26886,2016-01-15 21:00:00,356,72
26887,2016-01-15 22:00:00,342,61
26888,2016-01-15 23:00:00,330,46
26889,2016-01-16 00:00:00,35,41
26890,2016-01-16 01:00:00,35,43
26891,2016-01-16 02:00:00,35,38
26892,2016-01-16 03:00:00,35,34
26893,2016-01-16 04:00:00,35,36
26894,2016-01-16 05:00:00,35,36
26895,2016-01-16 06:00:00,256,40
26896,2016-01-16 07:00:00,615,46
26897,2016-01-16 08:00:00,899,60
26898,2016-01-16 09:00:00,996,85
26899,2016-01-16 10:00:00,1023,100
26900,2016-01-16 11:00:00,1023,101
26901,2016-01-16 12:00:00,994,102
26902,2016-01-16 13:00:00,987,98
26903,2016-01-16 14:00:00,958,92
26904,2016-01-16 15:00:00,902,77
26905,2016-01-16 16:00:00,770,64
26906,2016-01-16 17:00:00,471,53
26907,2016-01-16 18:00:00,176,49
26908,2016-01-16 19:00:00,15,41
26909,2016-01-16 20:00:00,35,42
26910,2016-01-16 21:00:00,35,37
26911,2016-01-16 22:00:00,35,35
26912,2016-01-16 23:00:00,35,33
26913,2016-01-17 00:00:00,35,37
26914,2016-01-17 01:00:00,35,33
26915,2016-01-17 02:00:00,35,33
26916,2016-01-17 03:00:00,35,33
26917,2016-01-17 04:00:00,35,35
26918,2016-01-17 05:00:00,35,56
26919,2016-01-17 06:00:00,255,67
26920,2016-01-17 07:00:00,614,70
26921,2016-01-17 08:00:00,898,84
26922,2016-01-17 09:00:00,995,107
26923,2016-01-17 10:00:00,1022,156
26924,2016-01-17 11:00:00,1022,167
26925,2016-01-17 12:00:00,993,173
26926,2016-01-17 13:00:00,986,149
26927,2016-01-17 14:00:00,957,116
26928,2016-01-17 15:00:00,901,58
26929,2016-01-17 16:00:00,769,55
26930,2016-01-17 17:00:00,469,48
26931,2016-01-17 18:00:00,175,44
26932,2016-01-17 19:00:00,14,43
26933,2016-01-17 20:00:00,35,41
26934,2016-01-17 21:00:00,35,38
26935,2016-01-17 22:00:00,35,38
26936,2016-01-17 23:00:00,35,31
26937,2016-01-18 00:00:00,206,31
26938,2016-01-18 01:00:00,203,28
26939,2016-01-18 02:00:00,202,27
26940,2016-01-18 03:00:00,202,27
26941,2016-01-18 04:00:00,215,58
26942,2016-01-18 05:00:00,290,224
26943,2016-01-18 06:00:00,557,841
26944,2016-01-18 07:00:00,916,1555
26945,2016-01-18 08:00:00,1200,1940
26946,2016-01-18 09:00:00,1297,2045
26947,2016-01-18 10:00:00,1324,2099
26948,2016-01-18 11:00:00,1324,2113
26949,2016-01-18 12:00:00,1295,2094
26950,2016-01-18 13:00:00,1288,2087
26951,2016-01-18 14:00:00,1259,2085
26952,2016-01-18 15:00:00,1203,2024
26953,2016-01-18 16:00:00,1071,1819
26954,2016-01-18 17:00:00,771,1208
26955,2016-01-18 18:00:00,476,619
26956,2016-01-18 19:00:00,316,257
26957,2016-01-18 20:00:00,259,134
26958,2016-01-18 21:00:00,240,94
26959,2016-01-18 22:00:00,226,68
26960,2016-01-18 23:00:00,214,49
26961,2016-01-19 00:00:00,651,38
26962,2016-01-19 01:00:00,649,36
26963,2016-01-19 02:00:00,648,35
26964,2016-01-19 03:00:00,647,30
26965,2016-01-19 04:00:00,661,61
26966,2016-01-19 05:00:00,736,261
26967,2016-01-19 06:00:00,1002,935
26968,2016-01-19 07:00:00,1361,1757
26969,2016-01-19 08:00:00,1646,2368
26970,2016-01-19 09:00:00,1742,2600
26971,2016-01-19 10:00:00,1770,2648
26972,2016-01-19 11:00:00,1769,2674
26973,2016-01-19 12:00:00,1741,2630
26974,2016-01-19 13:00:00,1734,2648
26975,2016-01-19 14:00:00,1705,2607
26976,2016-01-19 15:00:00,1648,2538
26977,2016-01-19 16:00:00,1517,2291
26978,2016-01-19 17:00:00,1217,1608
26979,2016-01-19 18:00:00,922,831
26980,2016-01-19 19:00:00,761,325
26981,2016-01-19 20:00:00,705,175
26982,2016-01-19 21:00:00,686,121
26983,2016-01-19 22:00:00,671,83
26984,2016-01-19 23:00:00,659,63
26985,2016-01-20 00:00:00,655,49
26986,2016-01-20 01:00:00,652,41
26987,2016-01-20 02:00:00,651,39
26988,2016-01-20 03:00:00,651,41
26989,2016-01-20 04:00:00,664,59
26990,2016-01-20 05:00:00,739,205
26991,2016-01-20 06:00:00,1006,790
26992,2016-01-20 07:00:00,1365,1549
26993,2016-01-20 08:00:00,1649,2190
26994,2016-01-20 09:00:00,1746,2416
26995,2016-01-20 10:00:00,1773,2490
26996,2016-01-20 11:00:00,1773,2486
26997,2016-01-20 12:00:00,1744,2455
26998,2016-01-20 13:00:00,1737,2480
26999,2016-01-20 14:00:00,1708,2461
27000,2016-01-20 15:00:00,1652,2400
27001,2016-01-20 16:00:00,1520,2163
27002,2016-01-20 17:00:00,1220,1533
27003,2016-01-20 18:00:00,925,803
27004,2016-01-20 19:00:00,765,343
27005,2016-01-20 20:00:00,708,201
27006,2016-01-20 21:00:00,689,140
27007,2016-01-20 22:00:00,675,105
27008,2016-01-20 23:00:00,663,72
27009,2016-01-21 00:00:00,628,53
27010,2016-01-21 01:00:00,626,53
27011,2016-01-21 02:00:00,625,47
27012,2016-01-21 03:00:00,624,39
27013,2016-01-21 04:00:00,638,67
27014,2016-01-21 05:00:00,713,269
27015,2016-01-21 06:00:00,979,952
27016,2016-01-21 07:00:00,1338,1730
27017,2016-01-21 08:00:00,1623,2384
27018,2016-01-21 09:00:00,1719,2643
27019,2016-01-21 10:00:00,1747,2726
27020,2016-01-21 11:00:00,1746,2737
27021,2016-01-21 12:00:00,1718,2673
27022,2016-01-21 13:00:00,1711,2690
27023,2016-01-21 14:00:00,1682,2634
27024,2016-01-21 15:00:00,1625,2574
27025,2016-01-21 16:00:00,1494,2286
27026,2016-01-21 17:00:00,1194,1521
27027,2016-01-21 18:00:00,899,816
27028,2016-01-21 19:00:00,738,368
27029,2016-01-21 20:00:00,682,210
27030,2016-01-21 21:00:00,663,125
27031,2016-01-21 22:00:00,648,84
27032,2016-01-21 23:00:00,636,59
27033,2016-01-22 00:00:00,322,50
27034,2016-01-22 01:00:00,319,46
27035,2016-01-22 02:00:00,318,41
27036,2016-01-22 03:00:00,318,42
27037,2016-01-22 04:00:00,331,54
27038,2016-01-22 05:00:00,407,162
27039,2016-01-22 06:00:00,673,536
27040,2016-01-22 07:00:00,1032,1076
27041,2016-01-22 08:00:00,1316,1660
27042,2016-01-22 09:00:00,1413,1872
27043,2016-01-22 10:00:00,1440,1900
27044,2016-01-22 11:00:00,1440,1899
27045,2016-01-22 12:00:00,1411,1749
27046,2016-01-22 13:00:00,1404,1642
27047,2016-01-22 14:00:00,1375,1540
27048,2016-01-22 15:00:00,1319,1373
27049,2016-01-22 16:00:00,1187,1050
27050,2016-01-22 17:00:00,887,639
27051,2016-01-22 18:00:00,592,292
27052,2016-01-22 19:00:00,432,153
27053,2016-01-22 20:00:00,375,98
27054,2016-01-22 21:00:00,356,80
27055,2016-01-22 22:00:00,342,62
27056,2016-01-22 23:00:00,330,38
27057,2016-01-23 00:00:00,35,29
27058,2016-01-23 01:00:00,35,30
27059,2016-01-23 02:00:00,35,28
27060,2016-01-23 03:00:00,35,27
27061,2016-01-23 04:00:00,35,27
27062,2016-01-23 05:00:00,35,28
27063,2016-01-23 06:00:00,256,31
27064,2016-01-23 07:00:00,615,36
27065,2016-01-23 08:00:00,899,49
27066,2016-01-23 09:00:00,996,54
27067,2016-01-23 10:00:00,1023,63
27068,2016-01-23 11:00:00,1023,61
27069,2016-01-23 12:00:00,994,62
27070,2016-01-23 13:00:00,987,59
27071,2016-01-23 14:00:00,958,62
27072,2016-01-23 15:00:00,902,58
27073,2016-01-23 16:00:00,770,52
27074,2016-01-23 17:00:00,471,42
27075,2016-01-23 18:00:00,176,36
27076,2016-01-23 19:00:00,15,41
27077,2016-01-23 20:00:00,35,32
27078,2016-01-23 21:00:00,35,30
27079,2016-01-23 22:00:00,35,27
27080,2016-01-23 23:00:00,35,26
27081,2016-01-24 00:00:00,35,23
27082,2016-01-24 01:00:00,35,27
27083,2016-01-24 02:00:00,35,23
27084,2016-01-24 03:00:00,35,23
27085,2016-01-24 04:00:00,35,23
27086,2016-01-24 05:00:00,35,25
27087,2016-01-24 06:00:00,255,28
27088,2016-01-24 07:00:00,614,30
27089,2016-01-24 08:00:00,898,41
27090,2016-01-24 09:00:00,995,56
27091,2016-01-24 10:00:00,1022,85
27092,2016-01-24 11:00:00,1022,99
27093,2016-01-24 12:00:00,993,106
27094,2016-01-24 13:00:00,986,74
27095,2016-01-24 14:00:00,957,72
27096,2016-01-24 15:00:00,901,69
27097,2016-01-24 16:00:00,769,62
27098,2016-01-24 17:00:00,469,59
27099,2016-01-24 18:00:00,175,45
27100,2016-01-24 19:00:00,14,39
27101,2016-01-24 20:00:00,35,35
27102,2016-01-24 21:00:00,35,31
27103,2016-01-24 22:00:00,35,30
27104,2016-01-24 23:00:00,35,29
27105,2016-01-25 00:00:00,638,29
27106,2016-01-25 01:00:00,636,28
27107,2016-01-25 02:00:00,634,26
27108,2016-01-25 03:00:00,634,26
27109,2016-01-25 04:00:00,647,56
27110,2016-01-25 05:00:00,723,245
27111,2016-01-25 06:00:00,989,902
27112,2016-01-25 07:00:00,1348,1728
27113,2016-01-25 08:00:00,1632,2389
27114,2016-01-25 09:00:00,1729,2581
27115,2016-01-25 10:00:00,1756,2619
27116,2016-01-25 11:00:00,1756,2633
27117,2016-01-25 12:00:00,1727,2610
27118,2016-01-25 13:00:00,1720,2612
27119,2016-01-25 14:00:00,1691,2592
27120,2016-01-25 15:00:00,1635,2537
27121,2016-01-25 16:00:00,1503,2313
27122,2016-01-25 17:00:00,1204,1591
27123,2016-01-25 18:00:00,909,764
27124,2016-01-25 19:00:00,748,293
27125,2016-01-25 20:00:00,692,145
27126,2016-01-25 21:00:00,672,97
27127,2016-01-25 22:00:00,658,71
27128,2016-01-25 23:00:00,646,49
27129,2016-01-26 00:00:00,651,38
27130,2016-01-26 01:00:00,649,34
27131,2016-01-26 02:00:00,648,24
27132,2016-01-26 03:00:00,647,21
27133,2016-01-26 04:00:00,661,56
27134,2016-01-26 05:00:00,736,260
27135,2016-01-26 06:00:00,1002,943
27136,2016-01-26 07:00:00,1361,1785
27137,2016-01-26 08:00:00,1646,2469
27138,2016-01-26 09:00:00,1742,2679
27139,2016-01-26 10:00:00,1770,2724
27140,2016-01-26 11:00:00,1769,2697
27141,2016-01-26 12:00:00,1741,2639
27142,2016-01-26 13:00:00,1734,2648
27143,2016-01-26 14:00:00,1705,2633
27144,2016-01-26 15:00:00,1648,2564
27145,2016-01-26 16:00:00,1517,2335
27146,2016-01-26 17:00:00,1217,1604
27147,2016-01-26 18:00:00,922,811
27148,2016-01-26 19:00:00,761,297
27149,2016-01-26 20:00:00,705,139
27150,2016-01-26 21:00:00,686,94
27151,2016-01-26 22:00:00,671,69
27152,2016-01-26 23:00:00,659,49
27153,2016-01-27 00:00:00,655,38
27154,2016-01-27 01:00:00,652,34
27155,2016-01-27 02:00:00,651,26
27156,2016-01-27 03:00:00,651,27
27157,2016-01-27 04:00:00,664,45
27158,2016-01-27 05:00:00,739,199
27159,2016-01-27 06:00:00,1006,786
27160,2016-01-27 07:00:00,1365,1494
27161,2016-01-27 08:00:00,1649,2177
27162,2016-01-27 09:00:00,1746,2401
27163,2016-01-27 10:00:00,1773,2460
27164,2016-01-27 11:00:00,1773,2469
27165,2016-01-27 12:00:00,1744,2415
27166,2016-01-27 13:00:00,1737,2452
27167,2016-01-27 14:00:00,1708,2410
27168,2016-01-27 15:00:00,1652,2332
27169,2016-01-27 16:00:00,1520,2116
27170,2016-01-27 17:00:00,1220,1489
27171,2016-01-27 18:00:00,925,770
27172,2016-01-27 19:00:00,765,299
27173,2016-01-27 20:00:00,708,164
27174,2016-01-27 21:00:00,689,109
27175,2016-01-27 22:00:00,675,70
27176,2016-01-27 23:00:00,663,40
27177,2016-01-28 00:00:00,628,28
27178,2016-01-28 01:00:00,626,23
27179,2016-01-28 02:00:00,625,18
27180,2016-01-28 03:00:00,624,20
27181,2016-01-28 04:00:00,638,44
27182,2016-01-28 05:00:00,713,237
27183,2016-01-28 06:00:00,979,931
27184,2016-01-28 07:00:00,1338,1716
27185,2016-01-28 08:00:00,1623,2392
27186,2016-01-28 09:00:00,1719,2627
27187,2016-01-28 10:00:00,1747,2664
27188,2016-01-28 11:00:00,1746,2665
27189,2016-01-28 12:00:00,1718,2616
27190,2016-01-28 13:00:00,1711,2627
27191,2016-01-28 14:00:00,1682,2599
27192,2016-01-28 15:00:00,1625,2506
27193,2016-01-28 16:00:00,1494,2228
27194,2016-01-28 17:00:00,1194,1522
27195,2016-01-28 18:00:00,899,797
27196,2016-01-28 19:00:00,738,318
27197,2016-01-28 20:00:00,682,138
27198,2016-01-28 21:00:00,663,92
27199,2016-01-28 22:00:00,648,57
27200,2016-01-28 23:00:00,636,36
27201,2016-01-29 00:00:00,322,26
27202,2016-01-29 01:00:00,319,23
27203,2016-01-29 02:00:00,318,17
27204,2016-01-29 03:00:00,318,16
27205,2016-01-29 04:00:00,331,33
27206,2016-01-29 05:00:00,407,141
27207,2016-01-29 06:00:00,673,536
27208,2016-01-29 07:00:00,1032,1121
27209,2016-01-29 08:00:00,1316,1698
27210,2016-01-29 09:00:00,1413,1890
27211,2016-01-29 10:00:00,1440,1922
27212,2016-01-29 11:00:00,1440,1872
27213,2016-01-29 12:00:00,1411,1733
27214,2016-01-29 13:00:00,1404,1621
27215,2016-01-29 14:00:00,1375,1514
27216,2016-01-29 15:00:00,1319,1302
27217,2016-01-29 16:00:00,1187,936
27218,2016-01-29 17:00:00,887,563
27219,2016-01-29 18:00:00,592,242
27220,2016-01-29 19:00:00,432,107
27221,2016-01-29 20:00:00,375,73
27222,2016-01-29 21:00:00,356,54
27223,2016-01-29 22:00:00,342,35
27224,2016-01-29 23:00:00,330,23
27225,2016-01-30 00:00:00,35,13
27226,2016-01-30 01:00:00,35,14
27227,2016-01-30 02:00:00,35,8
27228,2016-01-30 03:00:00,35,8
27229,2016-01-30 04:00:00,35,8
27230,2016-01-30 05:00:00,35,10
27231,2016-01-30 06:00:00,256,13
27232,2016-01-30 07:00:00,615,20
27233,2016-01-30 08:00:00,899,39
27234,2016-01-30 09:00:00,996,51
27235,2016-01-30 10:00:00,1023,63
27236,2016-01-30 11:00:00,1023,72
27237,2016-01-30 12:00:00,994,74
27238,2016-01-30 13:00:00,987,62
27239,2016-01-30 14:00:00,958,58
27240,2016-01-30 15:00:00,902,56
27241,2016-01-30 16:00:00,770,45
27242,2016-01-30 17:00:00,471,30
27243,2016-01-30 18:00:00,176,21
27244,2016-01-30 19:00:00,15,19
27245,2016-01-30 20:00:00,35,17
27246,2016-01-30 21:00:00,35,13
27247,2016-01-30 22:00:00,35,11
27248,2016-01-30 23:00:00,35,7
27249,2016-01-31 00:00:00,35,6
27250,2016-01-31 01:00:00,35,7
27251,2016-01-31 02:00:00,35,8
27252,2016-01-31 03:00:00,35,10
27253,2016-01-31 04:00:00,35,6
27254,2016-01-31 05:00:00,35,4
27255,2016-01-31 06:00:00,255,10
27256,2016-01-31 07:00:00,614,12
27257,2016-01-31 08:00:00,898,23
27258,2016-01-31 09:00:00,995,44
27259,2016-01-31 10:00:00,1022,78
27260,2016-01-31 11:00:00,1022,91
27261,2016-01-31 12:00:00,993,93
27262,2016-01-31 13:00:00,986,62
27263,2016-01-31 14:00:00,957,50
27264,2016-01-31 15:00:00,901,51
27265,2016-01-31 16:00:00,769,48
27266,2016-01-31 17:00:00,469,41
27267,2016-01-31 18:00:00,175,35
27268,2016-01-31 19:00:00,14,24
27269,2016-01-31 20:00:00,35,15
27270,2016-01-31 21:00:00,35,10
27271,2016-01-31 22:00:00,35,3
27272,2016-01-31 23:00:00,35,2
